taxon_key,n_total,n_koeder,h_stat,p_value,eta_sq,dominant_koeder_mean,lowest_koeder_mean,mean_diff_max_minus_min,mean_control,occ_control,mean_fischmix,occ_fischmix,mean_mackerel,occ_mackerel,mean_sargassum,occ_sargassum,mean_ulva_gutweed,occ_ulva_gutweed,mean_ulva_salad,occ_ulva_salad,p_value_holm,significant_0_05,significant_0_05_holm,sig_label_raw,sig_label_holm
species::moon (thalassoma lunare),17,6,15.99999999999999,0.00684407392242046,0.999999999999999,fischmix,control,1.0,0.0,0.0,1.0,1.0,0.0,0.0,0.0,0.0,0.0,0.0,0.0,0.0,0.041064443534522765,True,True,**,*
family_label::groupers feeding,17,6,10.666666666666652,0.05840454674201416,0.5151515151515138,fischmix,control,2.0,0.0,0.0,2.0,1.0,0.3333333333333333,0.3333333333333333,0.0,0.0,0.0,0.0,0.0,0.0,0.2920227337100708,False,False,ns,ns
species::red (lutjanus bohar),17,6,10.666666666666652,0.05840454674201416,0.5151515151515138,fischmix,control,3.0,0.0,0.0,3.0,1.0,0.3333333333333333,0.3333333333333333,0.0,0.0,0.0,0.0,0.0,0.0,0.2920227337100708,False,False,ns,ns
species::green (amblyglyphidodon indicus),17,6,9.803591470258125,0.08099556570258924,0.4366901336598295,fischmix,control,5.0,0.0,0.0,5.0,1.0,3.0,0.3333333333333333,1.6666666666666667,1.0,0.0,0.0,0.25,0.25,0.2920227337100708,False,False,ns,ns
species::goldbar (thalassoma hebraicum),17,6,9.24999999999999,0.0994984623808772,0.3863636363636354,fischmix,control,1.0,0.0,0.0,1.0,1.0,0.6666666666666666,0.3333333333333333,0.0,0.0,0.0,0.0,0.0,0.0,0.2920227337100708,False,False,ns,ns
species::lined bristletooth (ctenochaetus striatus),17,6,4.66666666666663,0.45789822724540596,0.0,sargassum,control,0.3333333333333333,0.0,0.0,0.0,0.0,0.0,0.0,0.3333333333333333,0.3333333333333333,0.0,0.0,0.0,0.0,0.45789822724540596,False,False,ns,ns
