taxon_key,n_total,n_koeder,h_stat,p_value,eta_sq,dominant_koeder_mean,lowest_koeder_mean,mean_diff_max_minus_min,mean_control,occ_control,mean_fischmix,occ_fischmix,mean_mackerel,occ_mackerel,mean_sargassum,occ_sargassum,mean_ulva_gutweed,occ_ulva_gutweed,mean_ulva_salad,occ_ulva_salad,p_value_holm,significant_0_05,significant_0_05_holm,sig_label_raw,sig_label_holm
species::green (amblyglyphidodon indicus),17,6,10.666666666666666,0.058404546742013876,0.5151515151515151,fischmix,control,8.0,0.0,0.0,8.0,1.0,2.3333333333333335,0.3333333333333333,4.333333333333333,1.0,0.6666666666666666,0.3333333333333333,0.0,0.0,0.35042728045208327,False,False,ns,ns
species::red (lutjanus bohar),17,6,10.039911308203987,0.07411224330498181,0.4581737552912715,fischmix,control,5.0,0.0,0.0,5.0,1.0,0.3333333333333333,0.3333333333333333,1.0,0.6666666666666666,0.0,0.0,0.0,0.0,0.37056121652490903,False,False,ns,ns
species::moon (thalassoma lunare),17,6,9.955555555555543,0.07650439905777434,0.4505050505050494,fischmix,control,1.0,0.0,0.0,1.0,1.0,0.3333333333333333,0.3333333333333333,0.0,0.0,0.0,0.0,0.0,0.0,0.37056121652490903,False,False,ns,ns
family_label::groupers interested,17,6,8.406278855032312,0.13522070525882973,0.3096617140938465,fischmix,control,3.0,0.0,0.0,3.0,1.0,0.6666666666666666,0.3333333333333333,0.3333333333333333,0.3333333333333333,0.0,0.0,0.0,0.0,0.4056621157764892,False,False,ns,ns
species::goldbar (thalassoma hebraicum),17,6,6.859259259259243,0.23131957238959716,0.16902356902356755,fischmix,control,1.0,0.0,0.0,1.0,1.0,0.6666666666666666,0.3333333333333333,0.3333333333333333,0.3333333333333333,0.0,0.0,0.0,0.0,0.4626391447791943,False,False,ns,ns
species::lined bristletooth (ctenochaetus striatus),17,6,4.66666666666663,0.45789822724540596,0.0,sargassum,control,0.6666666666666666,0.0,0.0,0.0,0.0,0.0,0.0,0.6666666666666666,0.3333333333333333,0.0,0.0,0.0,0.0,0.4626391447791943,False,False,ns,ns
