factor,group_a,group_b,n_a,n_b,u_stat,p_value_raw,p_value_perm_mean_diff,cliffs_delta,mean_a,mean_b,mean_diff_a_minus_b,n_permutations,p_value_holm,p_value_bh,sig_raw_0_05,sig_holm_0_05,sig_bh_0_05,sig_perm_0_05
standort,nursery,utumbi,11,18,0.5,1.0198005987336323e-05,0.0001999600079984003,-0.9949494949494949,35.63636363636363,52.666666666666664,-17.03030303030303,5000,3.059401796200897e-05,3.059401796200897e-05,True,True,True,True
standort,milimani,utumbi,17,18,55.5,0.0013376704235981897,0.0007998400319936012,-0.6372549019607843,44.470588235294116,52.666666666666664,-8.196078431372548,5000,0.0026753408471963795,0.0018480410472125678,True,True,True,True
standort,milimani,nursery,17,11,160.0,0.0018480410472125675,0.0015996800639872025,0.7112299465240641,44.470588235294116,35.63636363636363,8.834224598930483,5000,0.0026753408471963795,0.0018480410472125678,True,True,True,True
