group_a,group_b,n_a,n_b,u_stat,p_value,p_value_holm,significant_0_05,significant_0_05_holm
nursery,utumbi,11,18,0.5,1.0198005987336323e-05,3.059401796200897e-05,True,True
milimani,utumbi,17,18,55.5,0.0013376704235981897,0.0026753408471963795,True,True
milimani,nursery,17,11,160.0,0.0018480410472125675,0.0026753408471963795,True,True
