level,metric_source,taxon,mean_milimani,occ_milimani,n_milimani,mean_utumbi,occ_utumbi,n_utumbi,mean_nursery,occ_nursery,n_nursery,h_stat,p_value,epsilon_sq,p_value_holm,p_value_bh,sig_raw,sig_holm,sig_bh,significant_raw,significant_holm,significant_bh
family,feeding_family_by_taxon,balistidae,0.0,0.0,3,3.0,1.0,3,0.0,0.0,4,9.0,0.011108996538242308,1.0,0.08887197230593846,0.08887197230593846,*,ns,ns,True,False,False
family,feeding_family_by_taxon,lutjanidae,0.3333333333333333,0.3333333333333333,3,0.6666666666666666,0.6666666666666666,3,3.5,1.0,4,5.7575,0.0562049751612386,0.5367857142857143,0.3934348261286702,0.2248199006449544,ns,ns,ns,False,False,False
family,feeding_family_by_taxon,labridae,0.6666666666666666,0.3333333333333333,3,1.6666666666666667,0.6666666666666666,3,0.0,0.0,4,3.4999999999999973,0.17377394345044536,0.2142857142857139,1.0,0.3868532092007842,ns,ns,ns,False,False,False
family,feeding_family_by_taxon,pomacentridae,3.0,0.3333333333333333,3,6.0,0.6666666666666666,3,0.0,0.0,4,3.28571428571429,0.1934266046003921,0.18367346938775572,1.0,0.3868532092007842,ns,ns,ns,False,False,False
family,feeding_family_by_taxon,muraenidae,0.0,0.0,3,0.3333333333333333,0.3333333333333333,3,0.0,0.0,4,2.3333333333333477,0.31140322391459535,0.04761904761904967,1.0,0.4723665527410169,ns,ns,ns,False,False,False
family,feeding_family_by_taxon,chaetodontidae,0.0,0.0,3,0.6666666666666666,0.3333333333333333,3,1.25,0.5,4,1.9687500000000007,0.373672699406043,0.0,1.0,0.4723665527410169,ns,ns,ns,False,False,False
family,feeding_family_by_taxon,serranidae,0.3333333333333333,0.3333333333333333,3,2.3333333333333335,0.6666666666666666,3,0.75,0.25,4,1.6586538461538438,0.4363428798279061,0.0,1.0,0.4723665527410169,ns,ns,ns,False,False,False
family,feeding_family_by_taxon,lethrinidae,0.0,0.0,3,0.0,0.0,3,0.25,0.25,4,1.4999999999999907,0.4723665527410169,0.0,1.0,0.4723665527410169,ns,ns,ns,False,False,False
