level,metric_source,taxon,mean_milimani,occ_milimani,n_milimani,mean_utumbi,occ_utumbi,n_utumbi,mean_nursery,occ_nursery,n_nursery,h_stat,p_value,epsilon_sq,p_value_holm,p_value_bh,sig_raw,sig_holm,sig_bh,significant_raw,significant_holm,significant_bh
family,interested_family_by_taxon,labridae,1.0,0.3333333333333333,3,2.3333333333333335,1.0,3,0.0,0.0,4,5.561538461538463,0.061990803798489036,0.508791208791209,0.3719448227909342,0.3719448227909342,ns,ns,ns,False,False,False
family,interested_family_by_taxon,serranidae,0.6666666666666666,0.3333333333333333,3,2.3333333333333335,0.6666666666666666,3,0.0,0.0,4,3.165137614678903,0.2054466668705986,0.16644823066841472,1.0,0.5668398632892202,ns,ns,ns,False,False,False
family,interested_family_by_taxon,balistidae,0.0,0.0,3,3.0,0.3333333333333333,3,0.0,0.0,4,2.3333333333333477,0.31140322391459535,0.04761904761904967,1.0,0.5668398632892202,ns,ns,ns,False,False,False
family,interested_family_by_taxon,pomacentridae,2.3333333333333335,0.3333333333333333,3,6.666666666666667,0.6666666666666666,3,0.75,0.25,4,1.8663461538461519,0.3933037452647885,0.0,1.0,0.5668398632892202,ns,ns,ns,False,False,False
family,interested_family_by_taxon,chaetodontidae,0.0,0.0,3,0.0,0.0,3,0.25,0.25,4,1.4999999999999907,0.4723665527410169,0.0,1.0,0.5668398632892202,ns,ns,ns,False,False,False
family,interested_family_by_taxon,lutjanidae,0.3333333333333333,0.3333333333333333,3,0.6666666666666666,0.6666666666666666,3,2.5,0.5,4,0.8191489361702078,0.6639327145926393,0.0,1.0,0.6639327145926393,ns,ns,ns,False,False,False
