metric,n,coef_visibility_c,coef_ci95_low,coef_ci95_high,pct_change_per_visibility_unit,t_hc3,p_hc3,p_perm_blocked,p_quad_visibility_c2,quad_c2_ci95_low,quad_c2_ci95_high,p_quantile_median,r2_linear,adj_r2_linear,q_hc3_fdr_bh,q_hc3_holm,q_hc3_bonferroni,q_hc3_fdr_by,q_perm_blocked_fdr_bh,q_perm_blocked_holm,q_perm_blocked_bonferroni,q_perm_blocked_fdr_by,q_quad_fdr_bh,q_quad_holm,q_quad_bonferroni,q_quad_fdr_by,q_quantile_fdr_bh,q_quantile_holm,q_quantile_bonferroni,q_quantile_fdr_by
maxn_video_peak,46,0.02998114219585017,-0.05584988793092986,0.1158121723226302,3.0435102026952565,0.7091252939629572,0.4829439768400813,0.4181939353548817,0.776310179189129,-0.01345921898251687,0.01787508915572411,0.4962077735709831,0.5672109836330991,0.44355697895684165,0.7385060908689435,1.0,1.0,1.0,0.7210929690103299,1.0,1.0,1.0,0.987522022521224,1.0,1.0,1.0,0.4962077735709831,0.9340688794301236,1.0,0.9097142515468023
species_richness,46,0.004084770483833208,-0.020154810782808567,0.028324351750474982,0.409312452969966,0.34210677375540555,0.7343163813979695,0.7210929690103299,0.987522022521224,-0.00635628467684181,0.006258489143014842,0.4670344397150618,0.6577445963760267,0.5599573381977485,0.7385060908689435,1.0,1.0,1.0,0.7210929690103299,1.0,1.0,1.0,0.987522022521224,1.0,1.0,1.0,0.4962077735709831,0.9340688794301236,1.0,0.9097142515468023
first_seen_median_sec,46,-0.01692104221948182,-0.11900705435881537,0.08516496991985173,-1.677868545711884,-0.3364960707559389,0.7385060908689435,0.7090969676774409,0.6671656428529532,-0.02699882566226809,0.017499932369529778,0.031115659716007087,0.44953150105650574,0.2922547870726502,0.7385060908689435,1.0,1.0,1.0,0.7210929690103299,1.0,1.0,1.0,0.987522022521224,1.0,1.0,1.0,0.09334697914802127,0.09334697914802126,0.09334697914802126,0.17113612843803896
