standort,metric,n,n_baits,coef_visibility_c,coef_ci95_low,coef_ci95_high,t_hc3,p_hc3,p_perm_blocked,r2,adj_r2,model_note,q_hc3_fdr_bh,q_hc3_holm,q_hc3_bonferroni,q_hc3_fdr_by,q_perm_fdr_bh,q_perm_holm,q_perm_bonferroni,q_perm_fdr_by
milimani,maxn_video_peak,17,6,0.05977217111453183,-inf,inf,0.0,1.0,0.997002997002997,0.3163688097486631,-0.09380990440213899,with_bait_covariate,1.0,1.0,1.0,1.0,1.0,1.0,1.0,1.0
milimani,species_richness,17,6,-0.005103790021435981,-inf,inf,-0.0,1.0,0.999000999000999,0.07493566780522376,-0.4801029315116421,with_bait_covariate,1.0,1.0,1.0,1.0,1.0,1.0,1.0,1.0
milimani,first_seen_median_sec,17,6,-0.03449345456605818,-inf,inf,-0.0,1.0,0.995004995004995,0.6218871256280967,0.3950194010049546,with_bait_covariate,1.0,1.0,1.0,1.0,1.0,1.0,1.0,1.0
nursery,maxn_video_peak,11,4,0.3610380088652183,-inf,inf,0.0,1.0,1.0,0.6096986968949374,0.34949782815822894,with_bait_covariate,1.0,1.0,1.0,1.0,1.0,1.0,1.0,1.0
nursery,species_richness,11,4,0.009210451295076028,-inf,inf,0.0,1.0,1.0,0.3789815194444165,-0.03503080092597255,with_bait_covariate,1.0,1.0,1.0,1.0,1.0,1.0,1.0,1.0
nursery,first_seen_median_sec,11,4,-0.29384032853275666,-inf,inf,-0.0,1.0,1.0,0.7549980851151825,0.5916634751919708,with_bait_covariate,1.0,1.0,1.0,1.0,1.0,1.0,1.0,1.0
utumbi,maxn_video_peak,18,6,-0.011796834484967381,-0.10919027411994331,0.08559660515000855,-0.26659555032437804,0.7947119876430837,0.7202797202797203,0.547963927016379,0.30139879629804023,with_bait_covariate,1.0,1.0,1.0,1.0,1.0,1.0,1.0,1.0
utumbi,species_richness,18,6,0.00943193877025216,-0.015386189634281544,0.03425006717478586,0.8364674775566755,0.42069190563540326,0.3166833166833167,0.49346209415266384,0.2171686909632078,with_bait_covariate,1.0,1.0,1.0,1.0,1.0,1.0,1.0,1.0
utumbi,first_seen_median_sec,18,6,-0.016392624952514902,-0.1785945977674223,0.1458093478623925,-0.22243825786635088,0.8280489038737268,0.7462537462537463,0.25810966514077793,-0.14655779023697946,with_bait_covariate,1.0,1.0,1.0,1.0,1.0,1.0,1.0,1.0
