feature,best_side,indval,p_perm,fish_score,algae_score,fish_specificity,algae_specificity,fish_fidelity,algae_fidelity,mean_fish,mean_algae,feature_type,p_bh,sig_bh
invertebrates,fish,56.236786469344615,0.31333333333333335,56.236786469344615,43.76321353065539,0.5623678646934461,0.4376321353065539,1.0,1.0,6.222222222222222,4.842105263157895,diet,0.79,False
fish,algae,55.69506726457399,0.6633333333333333,44.30493273542601,55.69506726457399,0.44304932735426006,0.5569506726457399,1.0,1.0,2.888888888888889,3.6315789473684212,diet,0.79,False
algae,fish,52.294946798068246,0.72,52.294946798068246,47.70505320193176,0.5229494679806824,0.47705053201931763,1.0,1.0,77.88888888888889,71.05263157894737,diet,0.79,False
plankton,fish,51.76447726389428,0.79,51.76447726389428,48.235522736105715,0.5176447726389428,0.4823552273610571,1.0,1.0,77.88888888888889,72.57894736842105,diet,0.79,False
