feature,best_side,indval,p_perm,fish_score,algae_score,fish_specificity,algae_specificity,fish_fidelity,algae_fidelity,mean_fish,mean_algae,feature_type,p_bh,sig_bh
invertebrates,fish,58.32913940613991,0.16333333333333333,58.32913940613991,41.67086059386009,0.5832913940613991,0.41670860593860093,1.0,1.0,6.777777777777778,4.842105263157895,diet,0.6533333333333333,False
algae,fish,52.294946798068246,0.72,52.294946798068246,47.70505320193176,0.5229494679806824,0.47705053201931763,1.0,1.0,77.88888888888889,71.05263157894737,diet,0.98,False
plankton,fish,51.76447726389428,0.79,51.76447726389428,48.235522736105715,0.5176447726389428,0.4823552273610571,1.0,1.0,77.88888888888889,72.57894736842105,diet,0.98,False
fish,fish,50.98658247829518,0.98,50.98658247829518,49.01341752170482,0.5098658247829518,0.49013417521704816,1.0,1.0,3.7777777777777777,3.6315789473684212,diet,0.98,False
