feature,n_videos,n_fish,n_algae,mean_fish,mean_algae,beta_bait_fish_vs_algae,beta_site_utumbi,beta_interaction,p_perm_bait,p_perm_interaction,r2,direction,feature_type,p_bh_bait,p_bh_interaction,sig_bait_bh,sig_interaction_bh
plankton,28,9,19,77.88888888888889,72.57894736842105,0.2116357886245347,0.12830589324010358,-0.04720050918063241,0.7,0.9233333333333333,0.025845997688718314,fish,diet,0.9933333333333333,0.98,False,False
algae,28,9,19,77.88888888888889,71.05263157894737,0.19493038015821856,0.06334653514671407,0.017758848912756527,0.71,0.98,0.02528102345213168,fish,diet,0.9933333333333333,0.98,False,False
fish,28,9,19,2.888888888888889,3.6315789473684212,-0.10751040519934013,-0.46459407996129765,0.19061855946318762,0.8,0.5566666666666666,0.22944363650096022,algae,diet,0.9933333333333333,0.98,False,False
invertebrates,28,9,19,6.222222222222222,4.842105263157895,0.0020296698482627773,-0.15132856213710139,0.5222461773967569,0.9933333333333333,0.14666666666666667,0.17983747206488088,fish,diet,0.9933333333333333,0.5866666666666667,False,False
