feature_type,n_tested,n_sig_bait_bh,n_sig_interaction_bh,median_r2
diet,4,0,0,0.1028417348767996
word_group,18,2,0,0.20469552465668062
family,20,2,0,0.20469552465668062
genus,45,0,0,0.21876543209876564
unspecific,12,1,0,0.2649728854146522
composite_group,16,0,0,0.2181715157990901
