bait,count,mean,std,min,max
fischmix,3,69.0,9.539392014169456,60,79
mackerel,6,65.33333333333333,9.852241707685957,54,79
sargassum,6,59.5,6.5038450166036395,52,66
glasnudel,6,53.166666666666664,6.911343333004567,44,62
meersalat,7,52.57142857142857,9.675693650537289,37,62
control,7,51.0,7.187952884282608,40,63
