site_a,site_b,n_taxa_a,n_taxa_b,intersection_taxa,union_taxa,jaccard_similarity,jaccard_distance,unique_a,unique_b
utumbi,milimani,116,102,86,132,0.6515151515151515,0.3484848484848485,30,16
utumbi,nursery,116,95,61,150,0.4066666666666667,0.5933333333333333,55,34
milimani,nursery,102,95,62,135,0.45925925925925926,0.5407407407407407,40,33
