standort,n,mean,median,std,min,max
milimani,17,44.470588235294116,45.0,7.220782913393323,31,57
nursery,11,35.63636363636363,35.0,4.71747235864138,29,43
utumbi,18,52.666666666666664,53.0,5.122040034756371,43,61
