site_a,site_b,n_a,n_b,median_a,median_b,mean_a,mean_b,mean_diff_a_minus_b,u_stat,p_value,cliffs_delta,p_value_holm,significant_0_05,significant_0_05_holm,sig_label_raw,sig_label_holm
utumbi,nursery,18,11,53.5,36.0,53.05555555555556,36.27272727272727,16.782828282828284,197.5,1.0146702619223898e-05,0.9949494949494949,3.0440107857671694e-05,True,True,***,***
utumbi,milimani,18,17,53.5,46.0,53.05555555555556,44.76470588235294,8.290849673202615,250.5,0.0013439732787524667,0.6372549019607843,0.0026879465575049334,True,True,**,**
milimani,nursery,17,11,46.0,36.0,44.76470588235294,36.27272727272727,8.491978609625669,157.0,0.0029341476514441922,0.679144385026738,0.0029341476514441922,True,True,**,**
