site_a,site_b,n_a,n_b,median_a,median_b,mean_a,mean_b,mean_diff_a_minus_b,u_stat,p_value,cliffs_delta,p_value_holm,significant_0_05,significant_0_05_holm,sig_label_raw,sig_label_holm
utumbi,nursery,18,11,53.0,35.0,52.666666666666664,35.63636363636363,17.03030303030303,197.5,1.0198005987336323e-05,0.9949494949494949,3.059401796200897e-05,True,True,***,***
utumbi,milimani,18,17,53.0,45.0,52.666666666666664,44.470588235294116,8.196078431372548,250.5,0.0013376704235981897,0.6372549019607843,0.0026753408471963795,True,True,**,**
milimani,nursery,17,11,45.0,35.0,44.470588235294116,35.63636363636363,8.834224598930483,160.0,0.0018480410472125675,0.7112299465240641,0.0026753408471963795,True,True,**,**
