bait_a,bait_b,n_taxa_a,n_taxa_b,intersection_taxa,union_taxa,jaccard_similarity,jaccard_distance,unique_a,unique_b
algae_strings,algaemix,54,59,45,68,0.6617647058823529,0.3382352941176471,9,14
algaemix,mackerel,59,68,40,87,0.45977011494252873,0.5402298850574713,19,28
algae_strings,mackerel,54,68,37,85,0.43529411764705883,0.5647058823529412,17,31
control,mackerel,29,68,23,74,0.3108108108108108,0.6891891891891893,6,45
algae_strings,control,54,29,17,66,0.25757575757575757,0.7424242424242424,37,12
algaemix,control,59,29,16,72,0.2222222222222222,0.7777777777777778,43,13
